id,project,project_nick,type,category,title,body,publish_date,publish_date_t,fronturl,picture,badge,pay_option,data,_score,overview,text
6721d7ee9a79471dad034abd,РБК,rbcnews,short_news,Финансы,«Известия» напомнили о налоге на доходы от вкладов свыше 210 тыс. руб.,,2024-10-30T10:16:41+03:00,1730272601,https://www.rbc.ru/rbcfreenews/6721d7ee9a79471dad034abd,https://s0.rbk.ru/v6_top_pics/media/img/1/75/347302728797751.jpeg,,free,,1,,"Под налог по итогам 2024 года попадут доходы от вкладов, превышающие 210 тыс. руб., сообщили «Известия». Порог, с которого на проценты будет начисляться налог, поднялся в связи с повышением ключевой ставки до 21%. От налога освобождается сумма, которая рассчитывается таким образом: максимальное значение ключевой ставки на первое число каждого месяца умножается на сумму 1 млн руб. Следующее заседание Банка России запланировано лишь на 20 декабря. Необлагаемый процентный доход может вырасти лишь в том случае, если на 1 декабря ЦБ установит ставку выше 21%. До начала декабря россияне должны заплатить налог на вклады по итогам 2023 года — тогда необлагаемая база была 150 тыс. рублей.  Центробанк повысил ключевую ставку с 19 до 21% годовых 25 октября. Это третье повышение ключевой ставки российского ЦБ подряд, а 21% — ее максимальное значение за всю историю.  Читайте РБК в Telegram."
6721c7b59a7947f5e247c505,РБК,rbcnews,article,Спорт,Овечкин впервые в сезоне сделал дубль и сократил отставание от Гретцки,Российский форвард Александр Овечкин впервые в нынешнем сезоне отметился двумя заброшенными шайбами в одном матче. Голы в ворота «Нью-Йорк Рейнджерс» стали для россиянина 856-м и 857-м в карьере в НХЛ,2024-10-30T10:07:19+03:00,1730272039,https://www.rbc.ru/sport/30/10/2024/6721c7b59a7947f5e247c505,https://s0.rbk.ru/v6_top_pics/media/img/2/12/347302680160122.jpeg,,free,,1,Российский форвард Александр Овечкин впервые в нынешнем сезоне отметился двумя заброшенными шайбами в одном матче. Голы в ворота «Нью-Йорк Рейнджерс» стали для россиянина 856-м и 857-м в карьере в НХЛ,"«Вашингтон Кэпиталз» обыграл «Нью-Йорк Рейнджерс» в домашнем матче регулярного чемпионата Национальной хоккейной лиги (НХЛ). Встреча завершилась со счетом 5:3. В составе «Вашингтона» отличились Александр Овечкин (4-я и 6-я минуты), Коннор Макмайкл (9), Алексей Протас (25) и Ник Дауд (60). У «Рейнджерс» отметились Уилл Кайлли (5), Крис Крайдер (21) и Филип Хытил (25).  Этот дубль стал для Овечкина первым в сезоне. В последний раз он забрасывал две шайбы в одном матче в апреле 2024-го. Благодаря двум голам россиянин достиг отметки в 857 заброшенных шайб в НХЛ и сократил отставание от рекорда Уэйна Гретцки (894) до 37 шайб. Всего в нынешнем сезоне Овечкин отметился четырьмя голами и тремя голевыми передачами. Нападающий «Рейнджерс» Артемий Панарин не отметился результативными действиями. Всего в нынешнем сезоне он набрал 15 (6+9) очков. Россиянин занимает седьмое место в списке бомбардиров нынешнего чемпионата. «Вашингтон», набравший 12 очков после восьми матчей, располагается на третьей строчке в Столичном дивизионе, а «Рейнджерс» с 13 очками в девяти играх занимает второе место в том же дивизионе. Обсудить новость можно в нашем телеграм-канале «РБК Спорт»."
6721ce5e9a79470242232f14,РБК,rbcnews,article,Политика,Харрис назвала целью Трампа создание «большего хаоса»,Харрис назвала Трампа «неуравновешенным» и указала на его желание внести «больше хаоса и раскола» в политику. Она призвала американцев голосовать за нее и пообещала «всегда ставить интересы страны выше интересов партии и своих»,2024-10-30T10:02:20+03:00,1730271740,https://www.rbc.ru/politics/30/10/2024/6721ce5e9a79470242232f14,https://s0.rbk.ru/v6_top_pics/media/img/4/12/347302703876124.jpeg,,free,,1,Харрис назвала Трампа «неуравновешенным» и указала на его желание внести «больше хаоса и раскола» в политику. Она призвала американцев голосовать за нее и пообещала «всегда ставить интересы страны выше интересов партии и своих»,"Республиканец Дональд Трамп стремится к бесконтрольной власти и хочет внести больше хаоса и раскола в политику, заявила вице-президент США и кандидат на должность главы государства Камала Харрис в ходе предвыборного митинга. Ее слова приводит Financial Times (FT). «Америка, мы знаем, что задумал Дональд Трамп. Еще больше хаоса. Еще больше раскола. Его политика — это политика, которая помогает тем, кто находится на самом верху, и вредит всем остальным, — сказала она. — Я предлагаю другой путь и прошу вас проголосовать». Харрис назвала Трампа «неуравновешенным», «одержимым местью», «стремящимся к бесконтрольной власти» и призвала американцев «перевернуть страницу» истории США. «В отличие от Дональда Трампа, я не считаю людей, которые не согласны со мной, врагами», — сказала она, пообещав быть «президентом для всех американцев» и «всегда ставить интересы страны выше интересов партии и своих». По словам вице-президента США, Трамп «хочет посадить в тюрьму» тех, кто не согласен с его политикой. Харрис пообещала предоставить этим людям «место за столом переговоров».  Ее предвыборный митинг состоялся 29 октября в парке «Эллипс» в Вашингтоне, где выступал Трамп перед штурмом Капитолия его сторонниками в январе 2021 года. Республиканец провел крупный предвыборный митинг 27 октября на арене Madison Square Garden в Нью-Йорке. Мероприятие обернулось скандалом из-за высказываний его сторонников. Так, комик Тони Хинчклифф назвал территорию США Пуэрто-Рико «плавучим островом мусора», а бизнесмен Грант Кардон намекнул, что у Харрис есть «сутенеры-кураторы». Сам Трамп позднее назвал прошедший митинг «абсолютным праздником любви», пишет FT. Выборы президента США пройдут 5 ноября. Харрис — кандидат от Демократической партии, Трамп — от Республиканской. Согласно усредненным данным портала FiveThirtyEight (проект телеканала ABC), уровень поддержки республиканца составляет 46,6%, его основного оппонента — 48,1%. Читайте РБК в Telegram."
6721d2c39a7947210be19006,РБК,rbcnews,short_news,Политика,Посольству России не сообщили о задержании журналистов в США,,2024-10-30T09:56:25+03:00,1730271385,https://www.rbc.ru/rbcfreenews/6721d2c39a7947210be19006,https://s0.rbk.ru/v6_top_pics/media/img/0/38/347302710179380.jpeg,,free,,1,,"Власти США не сообщили в посольство России в Вашингтоне о задержании российских журналистов, приехавших для освещения американских выборов президента, сообщила официальный представитель МИДа Мария Захарова в эфире радио Sputnik. По ее словам, корреспонденты от «Известий» направлялись в Соединенные Штаты «не инкогнито», а «в полном соответствии с выданными документами». «Они прошли все процедуры, они получили визы, разрешения, они взяли весь пакет документов», — рассказала Захарова. Однако в ночь на 29 октября журналистов задержали в аэропорту и отправили на допрос, который длился «много часов». После этого оператору «Известий» было отказано в пересечении границы. Решение объяснили «административными резонами», отметила представитель российского МИДа. «Американская администрация не уведомила российских дипломатов, российское посольство в Вашингтоне о задержании граждан России», — добавила она.  Выборы в США пройдут 5 ноября. Летом на Олимпиаду в Париже не пустили пятерых сотрудников «РИА Новости Спорт». Во время Игр у трех репортеров и одного фотографа ТАСС также были отозваны аккредитации. Пресс-секретарь российского президента Дмитрий Песков, комментируя отказ в аккредитации журналистам, говорил, что во Франции «напрямую ущемляют права СМИ». Читайте РБК в Telegram."
6721cc239a79475d15fe6523,РБК,rbcnews,article,Политика,"NYT узнала, что Израиль нанес удар по крупному иранскому ракетному заводу","В ночь на 26 октября Израиль нанес авиаудары по военным объектам Ирана. В Тегеране сообщали об ограниченном ущербе, однако спутниковые снимки, опубликованные NYT, показывают разрушения на ракетном заводе КСИР",2024-10-30T09:43:23+03:00,1730270603,https://www.rbc.ru/politics/30/10/2024/6721cc239a79475d15fe6523,https://s0.rbk.ru/v6_top_pics/media/img/8/94/347302712181948.jpeg,,free,,1,"В ночь на 26 октября Израиль нанес авиаудары по военным объектам Ирана. В Тегеране сообщали об ограниченном ущербе, однако спутниковые снимки, опубликованные NYT, показывают разрушения на ракетном заводе КСИР","В результате атаки израильских ВВС на Иран в ночь на 26 октября был поражен ряд важных военных объектов, включая крупный завод по производству ракет, сообщает The New York Times (NYT) со ссылкой на спутниковые снимки Planet Labs. Ранее источники NYT сообщали, что Израилю удалось поразить системы ПВО, развернутые для защиты нескольких нефтяных и нефтехимических заводов, а также системы, охраняющие крупное газовое месторождение и крупный порт на юге Ирана. Однако на спутниковых снимках Planet Labs, сделанных 29 октября, видны разрушения на территории Космического центра иранского Корпуса стражей исламской революции (КСИР, элитные подразделения ВС). Как пояснил NYT научный сотрудник Международного института стратегических исследований (IISS) Фабиан Хинц, этот центр с 2017 года использовался для создания твердотопливных ракетных двигателей, которые могут применяться в космической технике, но также широко применяются в баллистических ракетах. Газета напоминает, что ранее в своей речи израильский премьер-министр Биньямин Нетаньяху заявил, что удар Израиля снизил способность Ирана производить ракеты. Хинц также отметил, что на спутниковых снимках видно разрушенное центральное здание на территории центра, которое и могло использоваться для производства твердотопливных ракет.  В ночь на 26 октября Израиль с помощью авиации атаковал Иран. Вооруженные силы Израиля назвали целями ракетные комплексы «земля — воздух», средства ПВО и места производства ракет, которые запускали по израильской территории в течение последнего года. Axios со ссылкой на источники писал об уничтожении «критического компонента» программы баллистических ракет Ирана. Reuters сообщал об ударе по объектам, на которых создавалось твердое топливо для снарядов. Силы ПВО отразили атаку, но «был нанесен ограниченный ущерб», погибли четверо иранских военных, сообщали иранские власти. Президент Исламской Республики Масуд Пезешкиан спустя сутки после атаки заявил, что Иран не стремится к войне с Израилем, но готов защищать свою землю и ответить «на агрессию». Читайте РБК в Telegram."
6721d2a09a79479e2d706e56,РБК,rbcnews,article,Общество,Шереметьево на час ограничивало полеты,Ухода рейсов на запасные аэродромы не было,2024-10-30T09:31:00+03:00,1730269860,https://www.rbc.ru/society/30/10/2024/6721d2a09a79479e2d706e56,https://s0.rbk.ru/v6_top_pics/media/img/2/47/347302701261472.jpeg,,free,,1,Ухода рейсов на запасные аэродромы не было,"Столичный аэропорт Шереметьево не принимал рейсы с 4:37 до 5:20 мск, сообщили в Росавиации. За то время, что действовали ограничения, ни один рейс не ушел на запасной аэродром, передает «РИА Новости». За последние годы в российских аэропортах регулярно вводились ограничения на полеты из-за угрозы атаки дронов. Сегодня утром российское Минобороны отчиталось об уничтожении 23 украинских беспилотников в небе над шестью областями. Московской области и Москвы среди них не было. «План «Ковер» вводится/отменяется по линии ПВО Минобороны с задействованием центров Единой системы организации воздушного движения России», — сообщили РБК в пресс-службе аэропорта. План «Ковер» применяют при незаконном пересечении границы, а также при появлении в воздушном пространстве неопознанных объектов.  В последний раз Московская область подвергалась массовой атаке беспилотников в ночь на 10 сентября. Тогда Минобороны сообщило о перехвате 144 беспилотников над регионами России. По информации губернатора Подмосковья Андрея Воробьева, в области было сбито 14 дронов в городских округах Подольск, Раменское, Люберцы, Домодедово и Коломна. Временные ограничения на полеты тогда были введены в аэропортах Внуково и Домодедово. Первая атака беспилотников на Москву произошла в ночь на 3 мая 2023 года, тогда сообщалось о попытке двух беспилотников нанести удар по Кремлю. Читайте РБК в Telegram."
6721cc2f9a79470e3835e239,РБК,rbcnews,short_news,Общество,"В Москве выявили схемы, по которым более 100 человек лишились квартир",,2024-10-30T09:30:21+03:00,1730269821,https://www.rbc.ru/rbcfreenews/6721cc2f9a79470e3835e239,https://s0.rbk.ru/v6_top_pics/media/img/3/12/347302703594123.jpeg,,free,,1,,"В Москве возбудили уголовное дело против мошенников, отобравших квартиры у более чем 100 граждан с помощью различных схем с займами, сообщает «РИА Новости» со ссылкой на правоохранительные органы. Собеседник агентства рассказал, что злоумышленники в период с ноября 2018 года по октябрь 2021-го убеждали своих клиентов, в том числе пенсионеров, брать у них микрокредиты под залог квартиры «на кабальных условиях». Кредиты выдавали в офисе одной из микрофинансовых организаций в центре столицы. При этом договоры займа оформлялись от лица «неких частных инвесторов», у которых с этой организацией были заключены договоры поручения. Когда позднее заемщики не могли выплатить кредит, мошенники через суд отбирали у них недвижимость в счет погашения задолженности, процентов по займу и пени. Квартиры после этого выставлялись на торги. «Жилплощади лишилось более 100 человек», — отметили в правоохранительных органах. Собеседник «РИА Новости» добавил, что частные инвесторы не имели права выдавать займы. Дело возбуждено по статье о незаконном предпринимательстве (ст. 171 Уголовного кодекса), которая предусматривает наказание вплоть до пяти лет лишения свободы.  В феврале в Банке России сообщили, что граждане стали все чаще брать миллионные кредиты из-за мошенников. В октябре в ЦБ рассказали, как оспорить кредит, если мошенники взяли его на вас через «Госуслуги»: нужно в первую очередь запросить свою кредитную историю, а потом подать заявление в полицию и в банк. Читайте РБК в Telegram."
6720d63d9a79478690f58b0b,РБК,rbcnews,article,Экономика,В РАНХиГС сообщили о снижении доли государства в экономике,"Доля государства в ВВП сократилась с 51,7 до 48,5% в 2023 году, рассчитали в РАНХиГС. На показатель влияет много факторов, включая проблемы с отчетностью. В целом же эксперты видят долгосрочный тренд роста госсектора в экономике",2024-10-30T09:30:19+03:00,1730269819,https://www.rbc.ru/economics/30/10/2024/6720d63d9a79478690f58b0b,https://s0.rbk.ru/v6_top_pics/media/img/7/11/347302127293117.jpeg,,free,,1,"Доля государства в ВВП сократилась с 51,7 до 48,5% в 2023 году, рассчитали в РАНХиГС. На показатель влияет много факторов, включая проблемы с отчетностью. В целом же эксперты видят долгосрочный тренд роста госсектора в экономике","Доля госсектора в экономике России в 2023 году снизилась до 48,5% с более чем 50% в 2018–2022 годах, следует из обновленных в сентябре данных Института прикладных экономических исследований (ИПЭИ) РАНХиГС, которые изучил РБК. На это может влиять несколько факторов, в том числе снижение выручки и добавленной стоимости компаний в нефтегазовой отрасли, где доля госсектора высока, а также неполная отчетность ряда предприятий, пояснили в ИПЭИ. Согласно оценкам ИПЭИ РАНХиГС, индекс размера государственного сектора в ВВП России в 2023 году составил 48,5%. Это ниже уровней 2022 года (51,7%) и 2021 года (53,2%). Пик доли госсектора в ВВП, по данным ИПЭИ, приходился на 2018 год (54,6%). В структуре индекса в 2023 году наибольшую долю занимают компании с госучастием (КГУ) — 33%, еще 13,6% приходится на сектор госуправления (СГУ) и 1,9% — на государственные унитарные предприятия (ГУП). Капитализацию компаний с госучастием в 2023 году авторы исследования оценили в 30 трлн руб., или 52,75% от капитализации всего фондового рынка (в 2022 году эта доля составляла 18,7 трлн руб., или 48,9%). В Госдуме долю государства в экономике в 2024 году оценивают в 62,7% и указывают на качественные изменения присутствия государства в экономике. Эксперты, в свою очередь, считают, что тренд на увеличение присутствия государства в экономике долгосрочный (флуктуации в отдельный год могут быть как в одну, так и в другую сторону), но это необязательно должно негативно влиять на инвестиционный климат.  На изменение доли компаний с госучастием в данных исследования в большей степени влияет отраслевой фактор, пояснил РБК один из его авторов, заведующий лабораторией анализа институтов и финансовых рынков ИПЭИ РАНХиГС Александр Абрамов. «Например, спад в выручке и добавленной стоимости в нефтяной и газовой сферах, где высокая доля госсобственности, ведет к сокращению доли КГУ», — отметил Абрамов. Также влияние на итоговый индекс оказывает неполная отчетность по ряду компаний за 2023 год, добавил он. В исследовании, по словам Абрамова, рассматривается фиксированное количество компаний с госучастием (147), поэтому снижение добавленной стоимости в ряде крупных компаний сокращает долю госсектора, добавил он. По его словам, часть компаний давно не раскрывают отчетность, и, например, в 2021–2023 годах значение по выручке было только у 127 компаний. Также в исследовании не учитываются данные по национализированным компаниям из-за их проблем с публичной отчетностью, уточнил Абрамов. «Но не думаю, что реально их доля в ВВП велика», — отметил эксперт. На изменение доли государственного сектора в ВВП страны оказывают влияние не только количество компаний с госучастием и динамика объема их выпуска в физическом измерении, но и конъюнктурные факторы, во многом обусловленные колебаниями цен на международных рынках, отмечает доцент департамента международного бизнеса факультета международных экономических отношений Финансового университета при правительстве Ирина Абанина. «Учитывая, что ряд компаний российского госсектора являются крупнейшими экспортерами, то влияние внешнеэкономических факторов на динамику рассматриваемого показателя возрастает», — поясняет она. Сводная оценка доли государственного сектора в ВВП, по версии ИПЭИ Президентской академии, состоит из трех элементов: доли КГУ, доли СГУ и доли стоимости, создаваемой ГУПами. Под КГУ понимается организация, контролируемая государством прямо или косвенно в роли владельца пакетов акций (долей) в размере не менее 10%. Авторы указывают, что наиболее корректно будет учитывать не долю непосредственно выручки в ВВП, а долю добавленной стоимости компании, и последняя подразумевает расчет разницы между объемом выпуска и промежуточным потреблением организации. Доля СГУ оценивалась по счету производства ВВП Росстата (в его составе статслужба раскрывает стоимость вклада сектора госуправления в ВВП) с авторской корректировкой методики. Доля ГУПов в ВВП оценивается по данным информационной системы СПАРК о выручке ГУПов. Абанина считает, что в долгосрочной перспективе увеличение доли госсектора в экономике если и будет происходить, то в незначительных масштабах. На это, по ее словам, указывают некоторые индикаторы, например масштабы и динамика инвестиций в основной капитал в государственном и частном секторах. «В 2000 году частный сектор инвестировал в основной капитал всего лишь на 25% больше, чем государственный, а в 2023 году — почти в четыре раза больше. К тому же темпы роста инвестиций в частном секторе значительно выше, чем в государственном, особенно эта тенденция хорошо видна после 2022 года», — замечает она. Вместе с тем в заключении комитета Госдумы по вопросам собственности, земельным и имущественным отношениям на проект федерального бюджета на 2025–2027 годы доля государства в российской экономике в 2024 году оценивается уже в 62,7%, а за последние десятилетия, по их данным, показатель вырос вдвое (с 31,2% в 2000 году). Глава комитета Сергей Гаврилов подтвердил в разговоре с РБК этот показатель, уточнив, что расчеты основаны на данных РАНХиГС. Он включает в себя активы, переданные во временное управление Росимущества по искам Генпрокуратуры. Гаврилов считает, что консолидация активов государства «в периоды серьезных кризисов, в том числе военных угроз», неизбежна, «так поступали все страны». Важно, чтобы госучастие было эффективно и ограничено по срокам, подчеркнул он. В то же время «сейчас идет переосмысление роли государства (в экономике. — РБК) за счет широкой цифровизации». Речь, по его словам, идет о цифровой системе управления со стороны Росимущества, об электронных аукционах и сервисах по продаже имущества, о повышении прозрачности процедур сдачи в аренду государственного и муниципального имущества. «Мы считаем, что за счет таких процедур вырастут доходы от аренды и приватизации, — отметил депутат. — Природа и качество государственного участия меняется, и надеемся, что пойдет в том же направлении». С 2023 года Генпрокуратура инициирует иски о передаче частных промышленных компаний в собственность государства, ссылаясь на незаконно проведенную приватизацию. За последнее время в собственность государства перешли, в частности, Челябинский электрометаллургический комбинат, «Кубань-вино» и производитель макарон «Макфа». Президент Владимир Путин при этом не раз говорил, что о «деприватизации или огосударствлении экономики» речи не идет и изъятие предприятий происходит только при ущербе безопасности страны и в отношении незаконно приобретенных активов. На сессии Петербургского международного экономического форума в этом году глава Минфина Антон Силуанов сообщил, что активы частного бизнеса, изъятые в государственную собственность, будут проданы, а не останутся в управлении у государства. «Мы придерживаемся позиции, что государству ничего лишнего не нужно — и в первую очередь это относится к имуществу, которое возвращено в казну на основании судебных решений», — повторил в октябре замминистра финансов Алексей Моисеев. Однако он же указал, что у таких компаний зачастую сложная структура собственности, несколько месяцев уходит на оценку каждого актива, не всегда имущество продается с первого раза, а по некоторым активам в правительстве идет дискуссия, не целесообразно ли оставить их в госсобственности. По мнению Абрамова, в действующих условиях с раскрытием финотчетности говорить о точных значениях доли компаний с госучастием год от года сложно, но важен долгосрочный тренд, а он растет. В 2024 году, по его оценке, доля государства в экономике будет выше показателя 2023 года. «Тренд госсектора у нас, думаю, будет расти, потому что вряд ли даже в случае приватизации небольших пакетов акций КГУ они утратят статус КГУ», — рассуждает экономист. В конце 2023 года Минфин составил список компаний, где доля государства более 50%, для возможной частичной приватизации. Силуанов пояснял, что снижение доли государства в крупных компаниях, не теряя контрольный пакет, может принести «десятки, сотни миллиардов». Официально приватизация федерального имущества в 2024 году была запланирована лишь на сумму 1,2 млрд руб. В марте 2024 года на расширенном заседании Росимущества Силуанов заявлял, что сумма на 2024 год должна быть скорректирована — не менее 100 млрд. На сегодня «в качестве доходов от приватизации получили в бюджет почти 50 млрд руб.», говорил в октябре на Московском финансовом форуме директор департамента регулирования имущественных отношений Минфина Андрей Воронцов, до конца года будут еще поступления — планка в 100 млрд руб. может быть достигнута. РБК направил запросы в Минфин и Минэкономразвития.  Как госсектор в экономике влияет на инвестклимат По мнению Абрамова, доля КГУ в выручке и добавленной стоимости по экономике вряд ли будет снижаться, поскольку государственные меры поддержки в большей степени проходят через крупные компании с госучастием и госкорпорации. «Важно, наверное, то, что в условиях проблем с инвестклиматом — и в теории, и по нашим эмпирическим данным — частные компании утрачивают преимущества перед компаниями госсобственности по таким критериям, как, например, размер и динамика совокупной факторной производительности», — отметил Абрамов. По данным исследования ИПЭИ, выручка КГУ в 2023 году составила 51,3 трлн руб. Совокупная факторная производительность — понятие, учитывающее не только традиционные факторы производства (труд, капитал), но и технологический прогресс, инфраструктуру, качество рыночных и регулятивных институтов. По итогам 2022 года (последние опубликованные данные Росстата) прибыль компаний с государственным участием составила 2,136 трлн руб. — это более чем вдвое меньше, чем в 2021 году, писал ранее РБК. Речь идет о сальдированном финансовом результате (прибыль прибыльных минус убытки убыточных). На конец 2022 года насчитывалось 507 акционерных обществ в федеральной собственности (годом ранее — 646). Федеральные государственные унитарные предприятия в 2022 году третий год подряд демонстрировали сальдированный убыток — в 2022 году он составил 34,4 млрд руб., чуть меньше, чем в 2021 году. Инвестклимат складывается из совокупности условий экономического, социально-политического и финансового характера, которые влияют на принятие компаниями решений об инвестировании, напоминает Абанина. По ее данным, частные инвестиции в основной капитал выросли в 2023 году на 22% после роста на 28% годом ранее. За счет этого, по ее словам, увеличилась доля частного капитала в общем объеме инвестиций — с 61% в 2021 году до 66% в 2023 году. «На наш взгляд, рост доли госсектора в экономике страны не происходит за счет поглощения частного сектора и не приводит к ухудшению инвестиционного климата», — указывает она. Читайте РБК в Telegram."
6720fff19a794704eedc8a70,РБК,rbcnews,article,Спорт,Экс-судья КХЛ выступил за дисквалификацию тренера СКА Ротенберга,"КХЛ оштрафовала «Спартак» из-за поведения болельщиков клуба. Бывший арбитр лиги считает, что руководству КХЛ не хватает «жесткой руки», которая будет также наказывать хоккеистов за их поведение",2024-10-30T09:14:08+03:00,1730268848,https://www.rbc.ru/sport/30/10/2024/6720fff19a794704eedc8a70,https://s0.rbk.ru/v6_top_pics/media/img/7/00/347302322079007.jpeg,,free,,1,"КХЛ оштрафовала «Спартак» из-за поведения болельщиков клуба. Бывший арбитр лиги считает, что руководству КХЛ не хватает «жесткой руки», которая будет также наказывать хоккеистов за их поведение","Главного тренера петербургского СКА Романа Ротенберга необходимо дисквалифицировать за его высказывание после матча со «Спартаком» о недовольстве болельщиками соперников, такое мнение «РБК Спорт» выразил бывший арбитр КХЛ Александр Зайцев. «Спартак» отправил письмо в лигу, в котором упоминается, что они ругают тренера команды за то, что он на пресс-конференции говорил о мате. А когда игроки на площадке этим занимаются и все слышат, даже в трансляции, — это как бы ничего? И КХЛ выносит решение: наказать «Спартак», а тренеру дать предупреждение. Это как? Думаю, его даже дисквалифицировать надо. Не только наказать, а именно дисквалифицировать», — сказал Зайцев.  Также бывший арбитр считает, что необходимо ввести денежные штрафы за неподобающие высказывания хоккеистов. «Эта проблема легко решается, независимо от того, какая это звезда — НХЛ, КХЛ или МХЛ. Можно вводить денежные штрафы для игроков, и после этого они сразу перестанут заниматься такими провокациями. Например, была ситуация с майками, которые не должны быть заправлены, а игроки продолжали это делать. Судьи раньше следили за этим, но потом им разрешили просто отмечать номера нарушителей в протоколе, и этот вопрос был решен. Теперь таких случаев больше нет», — добавил он. По мнению Зайцева, руководству КХЛ не хватает «жесткой руки», которая будет наказывать хоккеистов за поведение. «Нет твердой и жесткой руки у руководства лиги, чтобы оно могло ввести какие-то наказания. Надо жестче относиться к этому, и тогда все решится. Это ведь легко исправить. Лечить игроков и трибуны — это не так сложно, как может показаться. Конечно, штрафы могут иметь какое-то влияние на болельщиков, но это не столь эффективно», — сказал он. Зайцев считает, что службам безопасности необходимо выводить болельщиков с трибуны в случае нарушения правил. «Могу сказать, что это зависит от службы безопасности, которая тоже должна это отслеживать. Например, если с какой-то трибуны происходит что-то нехорошее, то необходимо быстро реагировать и выводить этих людей. Что касается ситуации на льду, то полномочия должны быть предоставлены непосредственно судьям, которые могли бы отправлять нарушителя сначала на 2 минуты, а затем, не стесняясь, на 10 минут и до конца игры», — добавил Зайцев. Во время игры 25 октября между СКА и «Спартаком» (5:2) болельщики «красно-белых» скандировали: «СКА — позор российского хоккея!». После игры главный тренер СКА Роман Ротенберг высказывал недовольство болельщиками «Спартака». В послематчевом интервью он говорил, что КХЛ «как‑то должна вмешиваться в эти вещи». «Дети сюда пришли маленькие, а тут всю игру матом орут люди. Давайте как‑то разберемся. Нам нужны спонсоры, нам нужны болельщики адекватные», — заявлял Ротенберг. На следующий день после матча «Спартак» направил письмо в КХЛ с просьбой дать оценку «экспансивным высказываниям» Ротенберга. В клубе считают, что тренер СКА «в свойственной ему манере вседозволенности» оскорбительно отозвался о болельщиках «красно-белых». В итоге КХЛ оштрафовала «Спартак» за кричалки, а Ротенбергу вынесла предупреждение за «последовательную линию поведения по дискредитации КХЛ». Лига расценивает высказывания Ротенберга как нарушение обязанности клуба, предусмотренной пп. 2.5 п. 2 ст. 20 Регламента по маркетингу и коммуникациям КХЛ: «Во время пресс-конференции главный тренер каждой команды обязан дать развернутый комментарий к прошедшему матчу (о ходе матча, действиях хоккеистов, выполнении тренерских установок и т.д.), а затем, соблюдая нормы корпоративной этики и воздерживаясь от проявления эмоций (включая употребление ненормативной и иной бранной лексики), ответить на вопросы аккредитованных представителей СМИ». Обсудите новость в телеграм-канале «РБК Спорт»."
6721c5499a79470d23d6121b,РБК,rbcnews,article,Политика,Microsoft выявила атаку хакеров из «Полуночной метели» на чиновников США,"Microsoft обвинила хакерскую группировку Midnight Blizzard, связав ее с Россией, в активизации кампании по рассылке фишинговых писем американским чиновникам. По данным компании, цель хакеров — сбор разведданных",2024-10-30T09:08:31+03:00,1730268511,https://www.rbc.ru/politics/30/10/2024/6721c5499a79470d23d6121b,https://s0.rbk.ru/v6_top_pics/media/img/4/07/347302687680074.jpeg,,free,,1,"Microsoft обвинила хакерскую группировку Midnight Blizzard, связав ее с Россией, в активизации кампании по рассылке фишинговых писем американским чиновникам. По данным компании, цель хакеров — сбор разведданных","Российская хакерская группировка Midnight Blizzard («Полуночная метель») отправила серию фишинговых писем лицам в правительстве, академических кругах, обороне, неправительственных организациях и других секторах США с целью сбора разведданных, сообщила пресс-служба Microsoft. По данным компании, фишинговые письма были отправлены тысячам целей в более чем 100 организациях и содержали файл конфигурации протокола удаленного рабочего стола (RDP), который подключался к контролируемому злоумышленником серверу. В некоторых «приманках» злоумышленники пытались добавить достоверности, выдавая себя за сотрудников Microsoft. Как отмечают в компании, ранее Midnight Blizzard не была замечена в использовании такого способа атаки, однако подобная активность была зарегистрирована при атаках на подразделения Государственного центра киберзащиты Украины (CERT-UA) и компьютеры компании Amazon. Самих хакеров Microsoft, а также правительства США и Великобритании связывают с российскими спецслужбами. В компании отмечают, что обычно их целями являются правительства, дипломатические учреждения, неправительственные организации и поставщики ИТ-услуг, в первую очередь в США и ЕС.  Это не первый раз, когда Microsoft обвиняет хакеров из Midnight Blizzard в атаке на корпорацию и американские власти. Так, в январе Microsoft сообщила, что эти хакеры получили доступ к учетным записям руководителей Microsoft и сотрудников служб кибербезопасности, юридического отдела и других подразделений. В апреле группировку обвинили во взломе переписки ряда федеральных ведомств США. Власти западных стран не раз обвиняли якобы российских хакеров в атаках на инфраструктуру госучреждений, банков и других организаций. Например, прошлым летом в США сообщили, что от хакерских атак могли пострадать «несколько сотен» американских компаний и организаций, а ответственной за взломы может быть группа вымогателей Clop, которая обычно требует «многомиллионные выкупы». Российская сторона в ответ на обвинения в причастности к атакам властей России настаивает на отсутствии доказательств такой связи. Читайте РБК в Telegram."
6721c8999a7947fdb360e190,РБК,rbcnews,short_news,Общество,Пожар на складе удобрений в Долгопрудном полностью потушили,,2024-10-30T09:00:58+03:00,1730268058,https://www.rbc.ru/rbcfreenews/6721c8999a7947fdb360e190,https://s0.rbk.ru/v6_top_pics/media/img/4/32/347302689467324.jpeg,,free,,1,,"Пожар на складе в подмосковном городе Долгопрудном потушили, сообщила пресс-служба МЧС. Здание загорелось накануне, 29 октября, около 15:30 мск. МЧС уточняло, что в нем находятся склады различных компаний, в том числе склад горючих удобрений. Площадь пожара составила 1,3 тыс. кв. м. На видео, которое предоставило ведомство, было видно, что здание практически полностью сгорело. Ночью МЧС сообщило, что при разборе завалов на месте пожара было обнаружено тело погибшего мужчины.   В ночь на 28 октября на юго-западе столицы загорелся девятиэтажный дом, огонь охватил 300 кв. м. По данным ТАСС и агентства «Москва», пожар возник на крыше жилого дома на Ленинском проспекте, его жильцов эвакуировали. Огонь локализовали на площади 300 кв. м, в результате пожара никто не пострадал. Читайте РБК в Telegram."
671f69839a79471a6a115d5f,РБК,rbcnews,article,Спорт,Насколько оправданны санкции КХЛ против «Спартака» и Ротенберга,Болельщики «Спартака» скандировали оскорбительные кричалки в адрес СКА. Роман Ротенберг призвал КХЛ отреагировать на выкрики фанатов. Какими стали санкции лиги и справедливы ли они — в материале «РБК Спорт»,2024-10-30T09:00:24+03:00,1730268024,https://www.rbc.ru/sport/30/10/2024/671f69839a79471a6a115d5f,https://s0.rbk.ru/v6_top_pics/media/img/8/28/347301245108288.jpeg,,free,,1,Болельщики «Спартака» скандировали оскорбительные кричалки в адрес СКА. Роман Ротенберг призвал КХЛ отреагировать на выкрики фанатов. Какими стали санкции лиги и справедливы ли они — в материале «РБК Спорт»,"Во время игры 25 октября между СКА и «Спартаком» (5:2) болельщики «красно-белых» скандировали: «СКА — позор российского хоккея!» После игры главный тренер СКА Роман Ротенберг высказывал недовольство болельщиками «Спартака». В послематчевом интервью он говорил, что КХЛ «как‑то должна вмешиваться в эти вещи». «Дети сюда пришли маленькие, а тут всю игру матом орут люди. Давайте как‑то разберемся. Нам нужны спонсоры, нам нужны болельщики адекватные», — заявлял Ротенберг. На следующий день «Спартак» направил письмо в КХЛ с просьбой дать оценку «экспансивным высказываниям» Ротенберга. В клубе считают, что тренер СКА «в свойственной ему манере вседозволенности» оскорбительно отозвался о болельщиках «красно-белых». КХЛ 27 октября наложила денежный штраф на «Спартак» за поведение болельщиков. Размер штрафа в КХЛ не уточнили. В заявлении лиги сообщили, что скандирования болельщиков «Спартака» носили оскорбительный характер, однако организованных массовых кричалок с использованием нецензурной лексики не было выявлено. Согласно протоколу, московский клуб получил штраф в размере 100 тыс. руб. Согласно дисциплинарному регламенту КХЛ: Хоккеисты СКА не смогли проигнорировать скандирования фанатов «Спартака». Сергей Плотников сначала показал болельщикам «красно-белых» большой палец, а Евгений Кузнецов после гола саркастично похлопал трибунам. Это расценено как нарушение. Лига вынесла предупреждения в адрес СКА и лично его главного тренера Романа Ротенберга. В своем заявлении КХЛ порекомендовала руководителям СКА обратить особое внимание на «последовательную линию поведения главного тренера по дискредитации КХЛ и принять меры для недопущения подобного». Бывший генеральный директор «Сибири» Кирилл Фастовский заявил, что «Спартак» справедливо получил штраф, поскольку болельщики оскорбили «честь и достоинство» петербургского клуба. «Считаю, что это заслуженно, потому что, согласно регламенту, здесь речь идет не только о прямых оскорблениях. В другом случае штраф был бы значительно больше. А это оскорбление чести и достоинства клуба. Это все прописано в регламенте КХЛ, ничего другого здесь нет. Никто ничего не выдумывал. Прочли регламент и на основании него вынесли решение», — сказал Фастовский «РБК Спорт». По мнению хоккейного функционера и скаута Алексея Дементьева, если комиссия КХЛ оштрафовала клуб, значит, у нее есть для этого основания. «Присутствует определенная комиссия, которая рассматривала все нюансы данного дела и приняла соответствующее решение. Если это рассматривала комиссия, значит, у них есть основания для этого», — сказал Дементьев «РБК Спорт». Он отметил, что болельщикам необходимо поддерживать свою команду, вместо того чтобы «унижать соперника». «Болельщики приходят болеть за своих хоккеистов и свою команду. При чем здесь оценка работы и деятельности соперника? В чужой монастырь со своим уставом неприлично лезть. При чем здесь это, когда болельщики «Спартака» должны переживать за выступление своей команды?» — добавил Дементьев. Фастовский отметил, что согласен с позицией Ротенберга о непозволительности мата на арене. «К сожалению, культура боления — это очень важный фактор. Если действительно была нецензурная брань, то я согласен с Ротенбергом. Несколько лет назад было просто неприятно сидеть на стадионе, когда трибуна скандировала нецензурные слова. Я противник этого. Неважно, какая команда и про кого. Нельзя выражать свои эмоции так, что молодое поколение примет это поведение нормой», — прокомментировал Дементьев. Лига расценивает высказывания Ротенберга как нарушение обязанности клуба, предусмотренной пп. 2.5 п. 2 ст. 20 Регламента по маркетингу и коммуникациям КХЛ: «Во время пресс-конференции главный тренер каждой команды обязан дать развернутый комментарий к прошедшему матчу (о ходе матча, действиях хоккеистов, выполнении тренерских установок и т.д.), а затем, соблюдая нормы корпоративной этики и воздерживаясь от проявления эмоций (включая употребление ненормативной и иной бранной лексики), ответить на вопросы аккредитованных представителей СМИ». Бывший арбитр КХЛ Александр Зайцев считает, что Ротенберга нужно было дисквалифицировать за его высказывание на пресс-конференции. Он выразил недовольство тем, что «Спартак» оштрафовали, а СКА не получил более серьезное наказание. «Спартак» отправил письмо в лигу, в котором упоминается, что они ругают тренера команды за то, что он на пресс-конференции говорил о «мате». А когда игроки на площадке этим занимаются и все слышат, даже в трансляции, — это как бы ничего? И КХЛ выносит решение: наказать «Спартак», а тренеру дать предупреждение. Это как? Думаю, его даже дисквалифицировать надо. Не только наказать, а именно дисквалифицировать», — сказал Зайцев. Также он считает, что необходимо ввести денежные штрафы за неподобающие высказывания хоккеистов. «Эта проблема легко решается, независимо от того, какая это звезда — НХЛ, КХЛ или МХЛ. Можно вводить денежные штрафы для игроков, и после этого они сразу перестанут заниматься такими провокациями. Например, была ситуация с майками, которые не должны быть заправлены, а игроки продолжали это делать. Судьи раньше следили за этим, но потом им разрешили просто отмечать номера нарушителей в протоколе, и этот вопрос был решен. Теперь таких случаев больше нет», — добавил Зайцев. Вице‑президент московского клуба и КХЛ Валерий Каменский заявил, что КХЛ и клубы постоянно ведут работу с фанатами. «У нас в хоккее болельщики стали намного лучше, атмосфера на аренах улучшилась. Вы же видите, сколько народу ходит. Но бывают такие случаи. Ничего страшного», — сказал вице-президент КХЛ. Дементьев отметил, что в КХЛ необходимо ужесточить контроль поведения болельщиков на арене. «Думаю, что обязательно нужно ужесточить контроль. В лиге должны контролировать подобное поведение болельщиков. Понятно, что одиночные выкрики будут всегда — это эмоции. Но коллективное и слишком эмоционально громкое выражение какой-то идеи команде соперников нужно контролировать», — сказал Дементьев. Фастовский добавил, что обязанностью КХЛ является контроль поведения фанатов. «Лига всегда контролирует поведение болельщиков. Во всех матчах это обязанность лиги. Для этого специально на играх присутствует человек, ответственный за это», — сказал Фастовский. Также Дементьев говорит, что болельщикам обоих клубов необходимо объединяться и задавать приятный тренд. «Меня поразило поведение болельщиков «Спартака» на матче с «Торпедо». Когда они кричали «Вот моя рука», им отвечали болельщики «Торпедо»: «Вот моя рука». И все вместе в рифму кричали: «Торпедо» против «Спартака». Такие ситуации объединяют и поддерживают людей и являются справедливыми. Видно, что болельщики «Спартака» могут задавать интересный приятный тренд. Надо ориентироваться на хорошие моменты», — заключил он. По мнению Зайцева, руководству КХЛ не хватает «жесткой руки», которая будет наказывать хоккеистов за поведение. «Нет твердой и жесткой руки у руководства лиги, чтобы оно могло ввести какие-то наказания. Надо жестче относиться к этому, и тогда все решится. Это ведь легко исправить. Лечить игроков и трибуны — это не так сложно, как может показаться. Конечно, штрафы могут иметь какое-то влияние на болельщиков, но это не столь эффективно», — сказал он. Зайцев считает, что службам безопасности необходимо выводить болельщиков с трибуны в случае нарушения правил. «Могу сказать, что это зависит от службы безопасности, которая тоже должна это отслеживать. Например, если с какой-то трибуны происходит что-то нехорошее, то необходимо быстро реагировать и выводить этих людей. Что касается ситуаций на льду, то полномочия должны быть предоставлены непосредственно судьям, которые могли бы отправлять нарушителя сначала на 2 минуты, а затем, не стесняясь, на 10 минут и до конца игры», — добавил Зайцев. Обсудите новость в телеграм-канале «РБК Спорт»."
6721c4269a79475e12c7ba7c,РБК,rbcnews,short_news,Бизнес,Апелляционный суд оставил в силе приговор «крабовому королю» Олегу Кану,,2024-10-30T08:48:05+03:00,1730267285,https://www.rbc.ru/rbcfreenews/6721c4269a79475e12c7ba7c,https://s0.rbk.ru/v6_top_pics/media/img/0/57/347302678099570.jpeg,,free,,1,,"Апелляционный суд в Новосибирске оставил в силе приговор бизнесмену Олегу Кану, известному как «крабовый король», по делу о заказном убийстве, сообщила пресс-служба управления Генпрокуратуры по Дальневосточному федеральному округу. «Обвинительный приговор в отношении Олега Кана без изменения и вступил в законную силу», — говорится в сообщении ведомства. Приморский краевой суд в апреле признал Кана виновным в организации убийства по найму предпринимателя Валерия Пхиденко во Владивостоке в 2010 году. Его приговорили к 17 годам лишения свободы. Пхиденко, как и Кан, занимался ловлей краба.  Олег Кан — сахалинский рыбный промышленник, создатель нескольких крупных рыбодобывающих предприятий. Ключевыми объектами их промысла были ценные водные биоресурсы: крабы, креветки и другие морепродукты. Кан был заочно арестован по делу об убийстве в 2020 году. Позднее ему также предъявили обвинение по статьям о создании и руководстве преступным сообществом, контрабанде стратегически важных ресурсов, уклонении от уплаты таможенных платежей и уклонении от уплаты налогов. Генпрокуратура заподозрила его в контрабанде 3 тыс. т живого краба на 2,6 млрд руб. и уклонении от уплаты налогов и таможенных платежей на сумму более 3,69 млрд руб. В марте 2024-го адвокаты бизнесмена сообщили в суде о его смерти и попросили закрыть дело. В Генпрокуратуре утверждения о смерти бизнесмена сочли инсценировкой. Читайте РБК в Telegram."
6720cc899a794700f13d2cc9,РБК,rbcnews,article,Технологии и медиа,Букмекеры вошли в десятку крупнейших рекламодателей в интернете,"В десятку крупнейших интернет-рекламодателей в России вошли сразу два букмекера. Эксперты отмечают общий рост инвестиций в продвижение в Сети, особенно в видеоформаты, которые постепенно замещают телевидение",2024-10-30T08:30:26+03:00,1730266226,https://www.rbc.ru/technology_and_media/30/10/2024/6720cc899a794700f13d2cc9,https://s0.rbk.ru/v6_top_pics/media/img/8/89/347302075209898.jpeg,,free,,1,"В десятку крупнейших интернет-рекламодателей в России вошли сразу два букмекера. Эксперты отмечают общий рост инвестиций в продвижение в Сети, особенно в видеоформаты, которые постепенно замещают телевидение","Букмекер «Фонбет» вошел в пятерку крупнейших рекламодателей в Рунете по итогам первых девяти месяцев 2024 года. Такие данные РБК представили в Digital Budget. Бюджет на digital-продвижение этой компании, по данным аналитиков, составил 4,2 млрд руб. Digital Budget проанализировал расходы 3,2 тыс. рекламодателей на продвижение на 6 тыс. сайтах за январь—сентябрь 2023 и 2024 годов. В связи с корректировкой методологии компании в части оценки атрибуции трафика и оценки бюджетов релевантных данных за более ранние периоды нет. В десятку крупнейших рекламодателей Рунета в январе—сентябре 2024 года также вошел еще один букмекер — «Лига ставок»: компания занимает десятую строчку в рейтинге. Digital Budget оценил ее рекламный бюджет в Сети в 2,8 млрд руб. Следом идет букмекерская компания «Олимп» (бренд OlimpBet), также инвестировавшая в digital-продвижение 2,8 млрд руб. За аналогичный период 2023-го букмекеры не входили в топ-10 рекламодателей в Сети: «Фонбет» занимал 14-е место, «Олимп» — на 23-й строчке (из-за пересчета показателей в связи с изменением методики подсчета абсолютные цифры за тот период не раскрываются). В пресс-службе «Фонбета» от комментариев отказались, представители «Лиги ставок» и БК «Олимп» на вопросы РБК не ответили. Реклама букмекеров ограничена рядом положений ст. 27 закона «О рекламе». Например, продвигаться в интернете они могут только на сайтах, специализирующихся на спортивной тематике, и на порталах официальных спортивных лиг и федераций. Кроме того, закон ограничивает и содержание такой рекламы: в ней, в частности, запрещено использование образов животных и людей. Тем не менее в последние годы букмекеры активно используют для продвижения партнерства и спонсорские контракты с крупными спортивными федерациями и командами, что позволяет им размещать логотип бренда в рекламных материалах, которые напрямую ими не оплачиваются. Тем не менее еще в отчетностях по итогам 2023 года букмекеры сообщали о многомиллиардных расходах на рекламу и маркетинг. У «Фонбета» эта категория составляла 7,8 млрд руб., у BetBoom — 3,8 млрд руб., у «Лиги ставок» — 9,9 млрд руб. Тогда же участники рынка отмечали, что именно увеличение инвестиций в продвижение позволило им заметно нарастить выручку и кратно увеличить показатели прибыли. Затраты проанализированных Digital Budget рекламодателей на рекламу в Рунете за первые девять месяцев 2024 года выросли на 24% относительно аналогичного периода прошлого года и достигли 207,5 млрд руб. Из них 37% приходится на баннерную рекламу (минус 2 п.п. год к году). Еще 30%, как и прежде, пришлось на так называемый paid search, или «платный поиск» (сюда относят рекламу через специальные сервисы вроде «Яндекс Директ» или Google Ads, а также переходы по ссылкам). На продвижение в соцсетях пришлось 18% расходов (минус 1 п.п. год к году). Доля онлайн-видео, наоборот, выросла за год на 2 п.п. — до 14%. Больше половины бюджетов от всей суммы затрат на продвижение в Рунете — а именно 123,7 млрд руб. — пришлись на десять крупнейших товарных категорий, констатируют в Digital Budget. Лидерами по инвестициям в интернет-рекламу стали компании из сферы финансовых услуг (11%). Второе место занимают маркетплейсы, третье — букмекеры. Далее следуют компании, специализирующиеся на продаже и доставке продуктов питания, а также бытовой техники и электроники. В десятку также вошли категории «онлайн-кинотеатры и стриминговые сервисы», «одежда и обувь», «мебель и предметы интерьера», «транспорт и сопутствующие товары» и «услуги по операциям с недвижимостью». Заметную долю от всех инвестиций в интернет-рекламу — 42%, или 87 млрд руб., — внесли компании из топ-30 рекламодателей. Если сравнивать с рейтингом за первые девять месяцев 2023 года, тройка лидеров не изменилась. Первое место удерживает «Сбер», его инвестиции в digital-продвижение оценены в 16 млрд руб. Второе место с отставанием почти в три раза занимает Wildberries (5,8 млрд руб.), замыкает тройку Ozon (5,6 млрд руб.). В пресс-службах «Сбера» и Wildberries на запросы РБК не ответили. В Ozon цифры по рекламным бюджетам компании комментировать не стали и лишь отметили, что «главной задачей при медиапланировании в 2024 году было максимально широко информировать покупателей о распродажах, акциях и выгодных ценах». Руководитель digital-практик группы компаний «Родная речь» Ирина Козлова отметила совпадающую с исследованием Digital Budget динамику роста рынка. По итогам года в компании ожидают рост в диапазоне 20–25%. Прирост инвестиций в digital-каналы продвижения видят и в OMD OM Group. В первую очередь тренд касается видеоформатов и performance-закупок (так называют закупку рекламы по принципу оплаты за ее результат, например переход на сайт или совершение покупки). «Видеоформаты хорошо работают на привлечение внимания пользователей и позволяют получить дополнительный охват к телевизионным кампаниям крупных рекламодателей», — считает директор направления digital-медиа исследований OMD Resolution Александр Касаткин. Аналогичный тренд отметила и руководитель отдела медиаисследований i.com Елена Никитина: «По пулу наших клиентов видим движение в сторону Smart TV и растущих продуктов цифрового телевидения, поскольку они дешевле и гибче, чем классическое ТВ, а формат, по сути, тот же». Читайте РБК в Telegram."
6721c0f99a7947bf68a3b06d,РБК,rbcnews,short_news,Политика,Губернатор Курской области рассказал о последствиях ночной атаки дронов,,2024-10-30T08:27:47+03:00,1730266067,https://www.rbc.ru/rbcfreenews/6721c0f99a7947bf68a3b06d,https://s0.rbk.ru/v6_top_pics/media/img/3/79/347302665382793.jpeg,,free,,1,,"В курском городе Железногорске в результате ночной атаки беспилотников загорелись сухая трава и крыша административного здания, сообщил губернатор Алексей Смирнов в телеграм-канале. Над Курской областью в ночь на 30 октября были сбиты пять дронов. Как написал Смирнов, в Железногорске упала часть обломков, возникший там пожар удалось потушить. Железногорск находится на севере региона. Это второй по величине город в области после Курска. В нем проживает около 96 тыс. человек.  В общей сложности за прошедшую ночь силы ПВО сбили 23 украинских беспилотника, сообщило Минобороны. Помимо Курской области семь дронов были сбиты над Ростовской областью, четыре — над Смоленской, по три — над Орловской и Брянской, один — над Белгородской.  Читайте РБК в Telegram."
6721bd599a7947742bdfc713,РБК,rbcnews,short_news,Политика,"Жительница Курской области погибла при обстреле, прикрывая собой ребенка",,2024-10-30T08:14:37+03:00,1730265277,https://www.rbc.ru/rbcfreenews/6721bd599a7947742bdfc713,https://s0.rbk.ru/v6_top_pics/media/img/4/49/347302670693494.jpeg,,free,,1,,"В Курской области женщина погибла во время обстрела жилого дома, прикрыв собой дочь, рассказала мать подруги погибшей на допросе в Следственном комитете, где выступала в качестве свидетеля. Об сообщает «РИА Новости» со ссылкой на кадры допроса. «В квартиру прилетел снаряд: убило ее, она собой прикрыла ребеночка — дочь», — сказала женщина. Жительницы Курской области не стало при обстреле поселка Теткино, который находится примерно в 1 км от границы с Украиной.  Курская область, как и другие приграничные регионы России, регулярно подвергается обстрелам и атакам дронов со стороны ВСУ. 6 августа украинская армия вторглась в регион, с тех пор там продолжаются бои. 12 августа губернатор региона Алексей Смирнов сообщал, что под контроль Украины перешли 28 населенных пунктов. Спустя месяц Минобороны России отчиталось об освобождении 12 населенных пунктов. "
6721bd499a7947bf68a3b048,РБК,rbcnews,article,Политика,В Британии загорелся военный объект на верфи с атомными подлодками,"В результате пожара в больницу были доставлены два человека с подозрением на отравление дымом, ядерной угрозы нет, сообщили в полиции. За последние полгода это уже второй пожар на объектах BAE Systems в Британии",2024-10-30T08:09:04+03:00,1730264944,https://www.rbc.ru/politics/30/10/2024/6721bd499a7947bf68a3b048,https://s0.rbk.ru/v6_top_pics/media/img/1/27/347302661957271.jpeg,,free,,1,"В результате пожара в больницу были доставлены два человека с подозрением на отравление дымом, ядерной угрозы нет, сообщили в полиции. За последние полгода это уже второй пожар на объектах BAE Systems в Британии","Пожар начался на объекте крупнейшей оборонной компании Великобритании BAE Systems в городе Барроу-ин-Фернесс (на западе страны), ядерная угроза отсутствует, сообщила полиция Камбрии. «Экстренные службы прибыли на место пожара на заводе BAE Systems в Барроу-ин-Фернесс <...>. Ядерная угроза отсутствует», — говорится в заявлении полиции. Там уточнили, что в больницу с подозрением на отравление дымом были доставлены два человека, остальные были эвакуированы с предприятия.  Как отмечает The Independent, на предприятии находится верфь, где швартуются ядерные подводные лодки. В настоящее время там размещены подводные лодки класса Astute и Dreadnought. BAE Systems — крупнейшая оборонная компания Британии и одна из крупнейших в мире. С 1963 года она построила для королевского флота все ядерные подводные лодки, за исключением трех. Также BAE производит танки Challenge, истребители Eurofighter Typhoon и боевые машины пехоты Bradley (разработки США). В апреле взрыв произошел на другом заводе BAE Systems — в области Монмутшир в Южном Уэльсе. Завод был построен еще в 1940 году и специализируется на производстве боеприпасов. Сообщений о пострадавших не было. Полиция начала расследование инцидента.  Президент Украины Владимир Зеленский в августе заявил, что BAE Systems начинает работу на территории страны. Он подчеркнул, что украинские военные уже применяют оружие, созданное BAE Systems. Речь идет в том числе и о гаубицах L119 и M777 (британской и американской разработки), а также боевой машине пехоты CV90 шведской разработки. Москва осуждает любые военные поставки Киеву и полагает, что они лишь затягивают конфликт, но не могут решить его исхода. Пресс-секретарь президента России Дмитрий Песков называл офис BAE Systems на Украине «объектом особого внимания». Читайте РБК в Telegram."
6721b2349a79474625cc580d,РБК,rbcnews,article,Политика,"NYT узнала, как США на украинском опыте готовятся к войне с Китаем","Опрошенные NYT военные эксперты полагают, что Китай в ближайшие годы может предпринять попытку захвата Тайваня, что приведет к войне с США. На этом фоне США перебрасывают больше войск в регион и проводят учения с союзниками",2024-10-30T08:05:21+03:00,1730264721,https://www.rbc.ru/politics/30/10/2024/6721b2349a79474625cc580d,https://s0.rbk.ru/v6_top_pics/media/img/6/93/347302653033936.jpeg,,free,,1,"Опрошенные NYT военные эксперты полагают, что Китай в ближайшие годы может предпринять попытку захвата Тайваня, что приведет к войне с США. На этом фоне США перебрасывают больше войск в регион и проводят учения с союзниками","«Большая и неповоротливая» армия США, воевавшая в последние десятилетия лишь с малыми державами, вынуждена трансформироваться на фоне потенциальной войны с Китаем, в том числе используя опыт российско-украинского конфликта, пишет The New York Times (NYT). Как отмечает газета, такая война, даже без использования ядерного оружия, будет вестись на земле, на море, в воздухе и в космосе. При этом с большой вероятностью в конфликт могут быть вовлечены другие крупные державы, а армия США понесет потери гораздо большие, «чем в самых смертоносных конфликтах Америки». NYT напоминает, что, в отличие от «Талибана» (запрещенная в России террористическая организация) и других группировок на Ближнем Востоке, Китай практически не будет уступать США в средствах вооружения и спутниковой разведки. Так, чтобы проверить способность армии быстро развертываться и вести боевые действия, в том числе на островах Тихого океана, солдаты 25-й пехотной дивизии вместе с японскими, австралийскими, индонезийскими и другими союзными войсками на недавних учениях отрабатывали спуск по веревкам в ущелья в джунглях, а затем совершали подъемы по влажной местности, нагруженные снаряжением. В районе Гавайских островов экипажи армейских транспортных кораблей отрабатывали различные способы выгрузки военной техники и войск, а недалеко от побережья Оаху солдаты обучались маскировать многоцелевые пункты управления и контроля, оснащенного компьютерными станциями. В то же время из 854 десантников, тренировавшихся в высадке на Аляске, успешно приземлиться смогли лишь 492. NYT отмечает, что у некоторых транспортных самолетов C-17 возникли проблемы с дверьми, некоторые парашютисты не смогли совершать приземление в положенное время, а некоторые вывихнули лодыжки или получили черепно-мозговые травмы. У одного рекрута парашют и вовсе не раскрылся. «Падение рядового второго класса Эрика Партиды с высоты 1200 футов также стало суровой проверкой реальности, поскольку армия США и сотни тысяч ее молодых мужчин и женщин вынуждены трансформироваться для потенциальной войны с Китаем», — подчеркивает газета. Хотя Тайвань имеет собственную оборону, опрошенные изданием военные эксперты отмечают, что остров вряд ли выстоит без вмешательства США. «Я считаю, что успешное вторжение Китая на Тайвань вызовет огромный резонанс во всем регионе. Китай, скорее всего, станет доминирующей военной силой в регионе, а не Соединенные Штаты, и это вызовет ряд последствий второго и третьего порядка», — сказал отставной военный советник, автор нескольких военных книг Сет Джонс. Например, продолжает эксперт, тихоокеанские союзники США могут потерять веру в «сдерживающий фактор Вашингтона» и попытаться заключить соглашения о безопасности с Китаем. В то же время Япония и Южная Корея могут присоединиться к ядерному клубу, чтобы защитить себя от Китая.  Бывший начальник инженерных войск США генерал Роберт Ван Антверп в разговоре с NYT отметил, что при вторжении на Тайвань Китай, скорее всего, будет использовать легкие десантные суда. И хотя воздушные десантные силы, вероятно, попытаются захватить инфраструктурные объекты, в конечном итоге нет надежного способа взять под контроль такой большой остров, как Тайвань, без размещения на земле войск, отмечает военный. Официальные лица США говорят, что Китай уже работает над этим — в частности, перепрофилирует гражданские паромы для перевозки войск и техники через пролив и строит плавучие пирсы. В то же время, как заявляет Пентагон, США уже перебросили свыше 100 тыс. военнослужащих в Тихоокеанский регион, хотя основные военные базы страны расположены все еще слишком далеко от Тайваня. Как пишет NYT, в своих учениях американские военные активно задействуют опыт российско-украинского конфликта, в частности касательно применения малых диверсионных групп и использования средств связи. Кроме этого, военные учатся быстро рассредотачиваться на местах, разделяясь на малых пехотных машинах, а затем одновременно собираясь для атаки на потенциального противника. Читайте РБК в Telegram."
6720ac009a794775171e7a70,РБК,rbcnews,article,Экономика,Эксперты ВШЭ описали дилемму поддержки рождаемости в России,"Рост доли бездетных россиянок может компенсироваться увеличением семей с 2–3 детьми, следует из доклада ученых ВШЭ. И перед государством стоит вопрос: как стимулировать рожать больше детей и стоит ли убеждать рожать до 30 лет",2024-10-30T08:00:20+03:00,1730264420,https://www.rbc.ru/economics/30/10/2024/6720ac009a794775171e7a70,https://s0.rbk.ru/v6_top_pics/media/img/9/03/347302109885039.jpeg,,free,,1,"Рост доли бездетных россиянок может компенсироваться увеличением семей с 2–3 детьми, следует из доклада ученых ВШЭ. И перед государством стоит вопрос: как стимулировать рожать больше детей и стоит ли убеждать рожать до 30 лет","Откладывание рождения первого ребенка на все более поздний возраст и рост доли женщин, остающихся бездетными, может компенсироваться повышением рождаемости вторых и последующих детей. К такому выводу приходит старший научный сотрудник международной лаборатории исследований населения и здоровья НИУ ВШЭ Елена Чурилова и ее соавторы в докладе «База показателей рождаемости россиянок — новый инструмент изучения когортной рождаемости в России». Доклад был представлен 29 октября на семинаре в ВШЭ, РБК следил за трансляцией. Этот факт, по мнению автора, обусловливает для социальной политики государства целесообразность стимулировать семьи рожать вторых и третьих детей, а также поднимает вопрос — нужно ли мотивировать женщин рожать детей в более благоприятном возрасте, до 30 лет. Чурилова вместе с соавторами составила базу показателей рождаемости россиянок за период с 1946 по 2022 год для женщин 1932–1988 годов рождения: для каждого поколения начиная с женщин 1932 года рождения были составлены таблицы рождаемости первых, вторых и последующих детей в каждом году начиная с 1946-го, то есть с 15-летнего возраста матерей. На основе собранной базы исследователи попытались оценить, как изменения в репродуктивном поведении россиянок повлияли на величину итоговой рождаемости в поколениях. Источниками данных стали: годовые количества родившихся по возрасту матери и очередности рождения в 1946–2022 годах; данные Росстата о половозрастном составе населения России в 1959–2023 годах и аналогичные данные за 1946–1958 годы, представленные в научной литературе. Как следует из базы данных ВШЭ, средний возраст матерей, родивших первого ребенка в 2022 году, составил 26,06 года. Для сравнения: в 2012 году он составлял чуть менее 25 лет, в 2000 году — 23,56 года. Рост среднего возраста матери при рождении ребенка и распространение намерений остаться бездетными вызывают беспокойство у политиков и общественности относительно их влияния на рождаемость, отмечает Чурилова. «Возникают различные предложения о стимулировании либо снижения возраста начала материнства либо о повышении рождаемости первенцев», — сказала она на семинаре. Поэтому, по ее словам, понимание степени влияния изменений в репродуктивном поведении на показатели итоговой рождаемости важно для разработки научно обоснованных решений в области социальной и демографической политики. Выводы исследования Анализ базы данных показал, что повышение итоговой рождаемости к 40 годам в когортах женщин 1973–1984 годов рождения (рожавших детей в 1990-е, 2000-е и в начале 2010-х годов) шло параллельно с ростом среднего возраста матери при рождении первенца и доли окончательно бездетных. Так, если среди женщин 1973 года рождения к 40 годам бездетными остались 11%, то среди женщин 1984 года рождения не родили детей к этому же возрасту (то есть к 2024 году) уже 13,8%. Средний возраст матери при рождении первенца при этом постоянно увеличивается с 1994 года, когда он был на исторически минимальном уровне — 22,53 года, следует из базы данных. При этом рост среднего возраста рождения первенца и повышение бездетности были компенсированы повышением рождаемости вторых и третьих детей в возрасте после 30 лет, приходит к выводу автор. Кроме того, снижение рождаемости первенцев в возрастах до 25 лет было частично компенсировано повышением рождаемости первенцев после 25 лет. Среди женщин 1973 года рождения доля родивших к 40 годам двоих детей составляет 36,4%, троих детей — 8,3%. Для женщин 1984 года рождения доля рождений двоих детей составляет уже 38,9%, троих — 13,3%. Получается, что доли многодетных и бездетных женщин в возрасте 40 лет сейчас примерно равны. В целом автор приходит к выводу, что наблюдавшиеся до середины 1990-х годов омоложение рождаемости и снижение бездетности до «естественного уровня» (в материалах к семинару не указано, что это за уровень. — РБК) не приводят к повышению итоговой рождаемости, а лишь частично компенсируют снижение рождаемости вторых и последующих детей. Рост итоговой рождаемости когорт женщин 1970–1984 годов рождения является результатом повышения «итоговой детности матерей» — иными словами, больше женщин этого поколения родили двоих и более детей. «Для социальной политики это значит, что нужно поддерживать женщин, семьи в их стремлении родить вторых, третьих детей и, может быть, детей более высоких очередностей», — заключает автор. Вместе с тем рост среднего возраста матери при рождении первого ребенка вызывает беспокойство, указывает она. «С возрастом увеличивается доля женщин, которые не могут зачать ребенка или успешно выносить беременность и родить. Это значит, что слишком сильное откладывание рождения может сказаться на итоговой рождаемости и бездетности», — сказала она. Все это, по словам Чуриловой, ставит «остросоциальный вопрос, нужно ли пытаться стимулировать женщин родить запланированное число детей как можно раньше, в наиболее благоприятных для этого с медицинской точки зрения возрастах — до 30 лет». Какие меры поддержки эффективнее Выбор между господдержкой рождаемости первенцев или вторых и последующих детей — в первую очередь финансовый вопрос, сейчас государство приняло решение сосредоточить расходы на поддержке первенцев, говорит демограф Игорь Ефремов. С 2020 года материнский капитал полагается за рождение первого ребенка, до этого его давали только после рождения второго. В 2024 году размер материнского капитала составляет 630 380,78 руб. на первого ребенка, если же после родился второй ребенок, родители получают еще 202 643,96 руб. По оценке Ефремова, рождаемость вторых детей без достаточной поддержки снизилась. «Я считаю, что максимальный эффект для рождаемости относительно затраченных средств даст поддержка детей высоких порядков, и чем выше порядок рождения, тем меньше госрасходов потребуется для рождения очередного ребенка, которого семья иначе не могла себе позволить», — говорит он. По его словам, только большой рост многодетности в перспективе способен повысить суммарный коэффициент рождаемости до приемлемых уровней, близких к уровню воспроизводства населения. Ранее в Росстате сообщали, что для минимального воспроизводства населения России коэффициент рождаемости должен находиться в диапазоне 2–2,15 ребенка на женщину. «В существующих условиях я бы предложил сосредоточить расходы на поддержке рождений в первую очередь вторых и третьих детей. А если средств не хватит, то более перспективной будет поддержка любой многодетности, то есть троих и более детей», — говорит Ефремов. Поддержку рождений первенцев в любом варианте он называет «самой дорогостоящей и наименее эффективной опцией». «Мы держим уровень рождаемости за счет роста третьих рождений. Их и надо стимулировать. Все рождения, кроме первого. Особенно третьи», — солидарна заведующая кафедрой народонаселения экономического факультета МГУ им. М.В. Ломоносова Ирина Калабихина. При этом сам материнский капитал Калабихина называет работающим и эффективным механизмом для стимулирования вторых и последующих рождений. Она ссылается на исследование, в рамках которого они с коллегами по кафедре посчитали, как выросла рождаемость детей разных порядков при существенном увеличении регионального материнского капитала и разрешении получать его не единожды в Ямало-Ненецком автономном округе. «Программа дала прибавку в 0,15 статистического ребенка за счет роста вторых и третьих рождений. Это много для современных стран и регионов с низкой рождаемостью. Особенно если учесть, что в России в целом и в похожих соседних регионах уровень рождаемости упал существенно», — отмечает эксперт. Эффективность маткапитала снизилась из-за того, что его индексация привязана к общей инфляции, а 90% семей использовали его для улучшения жилищных условий, при этом рост цен на жилье в последние годы сильно обогнал общую инфляцию, напоминает Ефремов. «В целом за время с 2007 по 2020 год (когда он выдавался за рождение второго ребенка. — РБК) маткапитал оправдал себя, и его эффективность была так высока, что это было даже неожиданно для большинства демографов. И такие работы, как база данных ВШЭ по рождаемости, очень помогли доказать эффективность маткапитала», — говорит он. По мнению Ефремова, маткапитал нужно подстроить под нужды семей, желающих родить второго или последующих детей, упростить его использование и индексировать согласно инфляции на рынке жилья. В проекте бюджета Соцфонда на 2025 год заложены расходы на материнский капитал в размере 536,71 млрд руб. исходя из 1,36 млн ожидаемых обращений. РБК направил запросы в правительство России и Минтруд (в пресс-службе правительства вопросы переадресовали в Минтруд). Читайте РБК в Telegram."
6721b7d79a79476d8f2ab05a,РБК,rbcnews,short_news,Бизнес,Россия сократила ввоз бананов из Эквадора до 12-летнего минимума,,2024-10-30T07:58:26+03:00,1730264306,https://www.rbc.ru/rbcfreenews/6721b7d79a79476d8f2ab05a,https://s0.rbk.ru/v6_top_pics/media/img/0/43/347302646747430.jpeg,,free,,1,,"Россия за период с января по август сократила ввоз бананов из Эквадора до минимального показателя за последние 12 лет — 776 тыс. т, сообщает «РИА Новости». В 2012 году объем ввезенных бананов из Эквадора составлял 755 тыс. т. Нынешний показатель на 20% ниже, чем в 2023 году. В течение последних пяти лет Россия в среднем импортировала из Эквадора 958 тыс. т бананов, российская доля в эквадорском экспорте этих фруктов составляла 20–25%. За указанный период 2024 года доля поставок в Россию в общем экспорте латиноамериканской страны сократилась до 18,9% — это минимум с 2001 года. Россия остается лидером по объему закупок, на втором месте располагаются США (14,8%), на третьем — Нидерланды (6,9%).  В начале февраля российские власти ограничили поставки бананов из Эквадора, после того как Россельхознадзор нашел во фруктах многоядную муху-горбатку. В ведомстве указали, что эта муха наносит вред грибным плантациям, а ее личинки «вызывают миазы у домашних животных и человека» и являются переносчиком холеры. Власти Эквадора в ответ сообщили, что первые уведомления о наличии мухи-горбатки во фруктах получили еще в 2018 году, после чего в стране были приняты меры для устранения проблемы. Претензиям России предшествовал дипломатический скандал между Россией и Эквадором. Президент республики Даниэль Нобоа в январе объявил о подготовке сделки по обмену вооружениями с США — Эквадор пообещал отправить устаревшее снаряжение советского и российского производства на $200 млн. Нобоа назвал эту технику металлоломом. США запланировали передать оружие Украине. Позднее эквадорские власти отменили свое решение о поставке российской техники Соединенным Штатам. Читайте РБК в Telegram."
